model_label_short,mean_score,median_score,pass_rate_percent,inverse_gate_issue_rate,heading_coverage_percent,action_verb_count,explanation_connector_count,numeric_evidence_count,word_count,disclaimer_rate_percent
Teacher: Qwen2.5-7B,0.0,0.0,0.6407185628742513,0.6407185628742514,0.5,0.990285273708558,0.0,1.0,0.1970846020318147,0.5
Teacher: Llama 3.1 8B,1.0,1.0,0.26746506986027924,0.2674650698602791,0.5,0.2373168851195067,1.0,0.5537810428810988,1.0,0.5
Student: 0.5B from Qwen,0.025213589786250823,0.0,1.0,1.0,0.5,1.0,0.06732223903177005,0.8269583965503475,0.0,0.5
Student: 0.5B from Llama,0.40082741597637084,0.17499999999998667,0.043912175648702256,0.04391217564870307,0.5,0.0,0.9735249621785171,0.0,0.7232719615264217,0.5
Student: 0.5B from Both,0.5280426223528251,0.35000000000000886,0.0,0.0,0.5,0.043253662297610046,0.9001512859304085,0.1569112832388407,0.6608946814262546,0.5
