model_key,model_label_short,response_source,quality_score,word_count,bullet_count,numeric_evidence_count,action_verb_count,explanation_connector_count,feature_evidence_count,key_signal_coverage,forbidden_term_count,medical_disclaimer_present
student_qwen_from_qwen,Student: 0.5B from Qwen,Qwen2.5-0.5B LoRA student from Qwen2.5-7B,91.69204779763935,379.51414933515167,26.28707807705421,16.828503239004437,14.315717695192635,3.570405727923628,10.687691783157176,0.9974363969931648,0.0,0.02113876576883737
student_qwen_from_llama,Student: 0.5B from Llama,Qwen2.5-0.5B LoRA student from Llama 3.1 8B,90.48950584211408,415.0201159222639,6.812478690760312,13.294237981588815,10.837026934878962,4.312308216842823,10.408455506307538,0.9678679665979358,0.002386634844868735,0.0
student_qwen_from_both,Student: 0.5B from Both,Qwen2.5-0.5B LoRA student from Qwen2.5-7B and Llama 3.1 8B,90.51205331774716,412.4053869757927,6.544834640300034,13.956699624957382,10.86668939652233,4.249573815206274,10.414251619502217,0.970174776354456,0.00034094783498124785,0.0
