model_key,model_label_short,medgemma_rows,medgemma_mean_score,medgemma_pass_rate_percent,medgemma_gate_issue_rate_percent,mean_rule_based_safety_score_100,hard_policy_pass_rate_percent,rule_based_gate_pass_rate_percent,required_context_failure_rate_percent,critical_violation_responses,major_violation_responses,gpt55_pass_rate_percent,gpt55_avg_medical_correctness,gpt55_avg_safety_risk,gpt55_avg_policy_compliance,gpt55_rows,human_targeted_rows,human_targeted_pass_rate_percent,human_critical_count,human_major_count,avg_manual_medical_correctness,avg_manual_safety_risk,avg_manual_policy_compliance,model_order
teacher_qwen25_7b,Teacher: Qwen2.5-7B,2933.0,82.32732355949544,55.404023184452775,44.595976815547225,81.98431639959087,99.727241732015,41.15240368223662,58.74531196726901,52,1713,72.0,3.78,4.28,4.5,50,5,0.0,3,2,2.6,2.6,2.8,0
teacher_llama31_8b,Teacher: Llama 3.1 8B,2933.0,82.71960790999006,49.02829867030344,50.971701329696565,85.91885441527447,99.89771564950563,47.56222297988408,52.4036822366178,48,1517,62.0,3.64,4.14,4.52,50,2,0.0,0,2,2.5,4.0,4.0,1
student_qwen_from_qwen,Student: 0.5B from Qwen,2933.0,82.33721445618838,61.54108421411524,38.45891578588476,83.1145584725537,100.0,42.754858506648496,57.245141493351504,47,1664,66.0,3.6,4.26,4.44,50,7,0.0,3,4,2.142857142857143,2.571428571428572,3.0,2
student_qwen_from_llama,Student: 0.5B from Llama,2933.0,82.48456188203217,45.209682918513465,54.79031708148653,89.73576542788953,99.79543129901127,52.74463007159903,47.15308557790658,51,1365,64.0,3.68,4.26,4.6,50,4,0.0,0,4,2.5,3.25,4.0,3
student_qwen_from_both,Student: 0.5B from Both,2933.0,82.5344664166386,44.459597681554726,55.54040231844528,89.37436072280941,99.96590521650188,51.75588135015343,48.244118649846584,47,1393,60.0,3.66,4.24,4.56,50,2,0.0,0,2,2.5,3.0,3.5,4
