response_source,word_count,bullet_count,numeric_evidence_count,action_verb_count,explanation_connector_count,required_heading_coverage,recommendation_category_count,feature_evidence_count,key_signal_coverage,forbidden_term_count,medical_disclaimer_present,quality_score
Multi-teacher Qwen2.5-7B + Llama 3.1 8B,405.74747474747477,17.023569023569024,16.430976430976433,12.599326599326599,3.835016835016835,1.0,8.0,10.548821548821548,0.9873416706750041,0.0,0.04377104377104377,91.15919512586179
Qwen2.5-0.5B LoRA student,411.38720538720537,6.430976430976431,13.858585858585858,10.962962962962964,4.2727272727272725,1.0,8.0,10.387205387205388,0.969896050451606,0.003367003367003367,0.0,90.73120624231736
