response_source,word_count,bullet_count,numeric_evidence_count,action_verb_count,explanation_connector_count,required_heading_coverage,recommendation_category_count,feature_evidence_count,key_signal_coverage,forbidden_term_count,medical_disclaimer_present,quality_score
Prompt source reference only,389.64098192976473,26.64507330378452,17.565291510398907,14.293556085918855,3.6529151039890895,1.0,7.999318104330038,10.763723150357995,0.9960749056981584,0.0,0.06818956699624958,92.16747574129094
Qwen2.5-0.5B LoRA student from Qwen2.5-7B,379.5141493351517,26.28707807705421,16.828503239004434,14.315717695192635,3.5704057279236276,1.0,8.0,10.687691783157177,0.9974363969931648,0.0,0.02113876576883737,91.69204779763935
